path,eye_x,eye_y,gaze_x,gaze_y,bbox_x_min,bbox_y_min,bbox_x_max,bbox_y_max,inout
p00_bis/realsense/board_images_human/00000000.jpg,314.0,155.0,25.210869860414185,43.17883788247733,242,83,368,251,1
p00_bis/realsense/board_images_human/00000001.jpg,307.0,157.0,12.422550727580015,48.432223089805625,242,83,368,251,1
p00_bis/realsense/board_images_human/00000002.jpg,301.0,157.0,-3.4233205658463315,49.88267110233226,242,83,368,251,1
p00_bis/realsense/board_images_human/00000003.jpg,292.0,159.0,-18.092712562911768,46.61173406038285,242,83,368,251,1
p00_bis/realsense/board_images_human/00000004.jpg,284.0,159.0,-28.804881927484878,40.869044240643255,242,83,368,251,1
p00_bis/realsense/board_images_human/00000005.jpg,314.0,159.0,26.37999530097888,42.47464947377827,242,83,368,251,1
p00_bis/realsense/board_images_human/00000006.jpg,308.0,162.0,13.635177314857472,48.10490556681716,242,83,368,251,1
p00_bis/realsense/board_images_human/00000007.jpg,298.0,163.0,-2.383650330959631,49.943149791535134,242,83,368,251,1
p00_bis/realsense/board_images_human/00000008.jpg,290.0,164.0,-17.719839372403293,46.75475689826893,242,83,368,251,1
p00_bis/realsense/board_images_human/00000009.jpg,284.0,164.0,-28.92934161673163,40.78103963390878,242,83,368,251,1
p00_bis/realsense/board_images_human/00000010.jpg,311.0,166.0,28.30032513462007,41.22003878303357,242,83,368,251,1
p00_bis/realsense/board_images_human/00000011.jpg,310.0,166.0,14.824444126490228,47.75181521513679,242,83,368,251,1
p00_bis/realsense/board_images_human/00000012.jpg,300.0,167.0,-1.6458142567243195,49.97290561326571,242,83,368,251,1
p00_bis/realsense/board_images_human/00000013.jpg,289.0,169.0,-17.49431208747611,46.83960978259733,242,83,368,251,1
p00_bis/realsense/board_images_human/00000014.jpg,274.0,156.0,-27.818325724429805,41.54685010791464,242,83,368,251,1
p00_bis/realsense/board_images_human/00000015.jpg,320.0,159.0,28.185546082190648,41.298607628450476,242,83,368,251,1
p00_bis/realsense/board_images_human/00000016.jpg,310.0,162.0,15.916292191121013,47.39906795377796,242,83,368,251,1
p00_bis/realsense/board_images_human/00000017.jpg,299.0,164.0,-0.5575861436459987,49.99689088025788,242,83,368,251,1
p00_bis/realsense/board_images_human/00000018.jpg,285.0,165.0,-16.234260550568802,47.291106821222165,242,83,368,251,1
p00_bis/realsense/board_images_human/00000019.jpg,272.0,163.0,-27.876233758829848,41.50801839913675,242,83,368,251,1
p00_bis/realsense/board_images_human/00000020.jpg,317.0,163.0,28.774670308730677,40.89032096503833,242,83,368,251,1
p00_bis/realsense/board_images_human/00000021.jpg,282.0,166.0,-29.11926672138715,40.64564313193623,242,83,368,251,1
p00_bis/realsense/board_images_human/00000022.jpg,289.0,165.0,-17.31114349661899,46.90761463599984,242,83,368,251,1
p00_bis/realsense/board_images_human/00000023.jpg,309.0,165.0,14.873416478591523,47.73658431700326,242,83,368,251,1
p00_bis/realsense/board_images_human/00000024.jpg,314.0,162.0,26.577243530694243,42.35150677732932,242,83,368,251,1
p00_bis/realsense/board_images_human/00000025.jpg,279.0,163.0,-28.572434655266427,41.031889767235064,242,83,368,251,1
p00_bis/realsense/board_images_human/00000026.jpg,285.0,150.0,-28.547347636474523,41.04934765525845,242,83,368,251,1
p00_bis/realsense/board_images_human/00000027.jpg,312.0,153.0,25.275311334703076,43.14114783978087,242,83,368,251,1
p00_bis/realsense/board_images_human/00000028.jpg,297.0,155.0,-2.9978438169311405,49.91004841161033,242,83,368,251,1
p00_bis/realsense/board_images_human/00000029.jpg,300.0,171.0,-0.5724815558160131,49.99672254126514,242,83,368,251,1
p00_bis/realsense/board_images_human/00000030.jpg,306.0,155.0,13.608635723047113,48.11242078463114,242,83,368,251,1
p00_bis/realsense/board_images_human/00000031.jpg,289.0,159.0,-17.45180884023466,46.85546252256942,242,83,368,251,1
p00_bis/realsense/board_images_human/00000032.jpg,316.0,160.0,27.48082507381382,41.77085411219701,242,83,368,251,1
p00_bis/realsense/board_images_human/00000033.jpg,312.0,153.0,25.28419230921607,43.13594347259115,242,83,368,251,1
p01/realsense/board_images_human/00000000.jpg,337.0,115.0,22.87044035815167,44.46282669628898,274,55,376,190,1
p01/realsense/board_images_human/00000001.jpg,334.0,116.0,9.891606716989479,49.01179568794035,274,55,376,190,1
p01/realsense/board_images_human/00000002.jpg,333.0,116.0,-5.604696910914816,49.6848807237854,274,55,376,190,1
p01/realsense/board_images_human/00000003.jpg,332.0,117.0,-19.4751185609734,46.051273131543596,274,55,376,190,1
p01/realsense/board_images_human/00000004.jpg,332.0,117.0,-29.522550111837614,40.35367436670466,274,55,376,190,1
p01/realsense/board_images_human/00000005.jpg,332.0,117.0,23.510636169249878,44.127655579207456,274,55,376,190,1
p01/realsense/board_images_human/00000006.jpg,332.0,118.0,10.229750455891681,48.94233551446216,274,55,376,190,1
p01/realsense/board_images_human/00000007.jpg,332.0,119.0,-5.61114661356235,49.68415274190663,274,55,376,190,1
p01/realsense/board_images_human/00000008.jpg,332.0,118.0,-19.7187361706772,45.94748571827654,274,55,376,190,1
p01/realsense/board_images_human/00000009.jpg,331.0,119.0,-29.893899681709936,40.079355805949056,274,55,376,190,1
p01/realsense/board_images_human/00000010.jpg,332.0,119.0,23.814157427037628,43.9645983268387,274,55,376,190,1
p01/realsense/board_images_human/00000011.jpg,335.0,123.0,10.05355003559571,48.97883350674833,274,55,376,190,1
p01/realsense/board_images_human/00000012.jpg,334.0,123.0,-5.993222088356134,49.6395133839932,274,55,376,190,1
p01/realsense/board_images_human/00000013.jpg,333.0,122.0,-20.329111569202002,45.6807095260892,274,55,376,190,1
p01/realsense/board_images_human/00000014.jpg,332.0,122.0,-30.364785098160617,39.72379420375807,274,55,376,190,1
p01/realsense/board_images_human/00000015.jpg,331.0,123.0,24.353415726461026,43.66819371641287,274,55,376,190,1
p01/realsense/board_images_human/00000016.jpg,331.0,124.0,10.829903484493997,48.813043241704825,274,55,376,190,1
p01/realsense/board_images_human/00000017.jpg,331.0,124.0,-5.749390435004286,49.66834514684258,274,55,376,190,1
p01/realsense/board_images_human/00000018.jpg,331.0,125.0,-20.524329415010968,45.593331771917214,274,55,376,190,1
p01/realsense/board_images_human/00000019.jpg,317.0,124.0,-29.584983050273806,40.30792450517654,274,55,376,190,1
p01/realsense/board_images_human/00000020.jpg,325.0,116.0,-4.997677239402874,49.749605246783155,274,55,376,190,1
p01/realsense/board_images_human/00000021.jpg,325.0,117.0,10.783083827179158,48.823407328616746,274,55,376,190,1
p01/realsense/board_images_human/00000022.jpg,326.0,118.0,11.020819587601176,48.77029357731555,274,55,376,190,1
p01/realsense/board_images_human/00000023.jpg,339.0,121.0,23.368510004139296,44.20308518855264,274,55,376,190,1
p01/realsense/board_images_human/00000024.jpg,314.0,121.0,-29.147244795391565,40.62558455994842,274,55,376,190,1
p01/realsense/board_images_human/00000025.jpg,328.0,118.0,23.428306899086763,44.17142103036989,274,55,376,190,1
p01/realsense/board_images_human/00000026.jpg,333.0,117.0,23.332036444088928,44.22234814402901,274,55,376,190,1
p01/realsense/board_images_human/00000027.jpg,321.0,118.0,-29.274527692217923,40.53396141999405,274,55,376,190,1
p01/realsense/board_images_human/00000028.jpg,323.0,118.0,-19.075669925981035,46.218165442551076,274,55,376,190,1
p01/realsense/board_images_human/00000029.jpg,323.0,119.0,-4.526787302125927,49.79466032338519,274,55,376,190,1
p02/realsense/board_images_human/00000000.jpg,355.0,152.0,22.926721666183813,44.43383208368751,278,70,410,246,1
p02/realsense/board_images_human/00000001.jpg,351.0,153.0,9.138312644761433,49.15781974423391,278,70,410,246,1
p02/realsense/board_images_human/00000002.jpg,343.0,152.0,-6.634363715769043,49.55789763586514,278,70,410,246,1
p02/realsense/board_images_human/00000003.jpg,334.0,151.0,-20.490746072051756,45.60843480553455,278,70,410,246,1
p02/realsense/board_images_human/00000004.jpg,338.0,152.0,-30.829151151876317,39.3644946526024,278,70,410,246,1
p02/realsense/board_images_human/00000005.jpg,343.0,155.0,24.20782060367405,43.74907338013383,278,70,410,246,1
p02/realsense/board_images_human/00000006.jpg,348.0,156.0,9.385693644483244,49.11118767462162,278,70,410,246,1
p02/realsense/board_images_human/00000007.jpg,338.0,158.0,-6.760605946054274,49.54083373584033,278,70,410,246,1
p02/realsense/board_images_human/00000008.jpg,339.0,157.0,-21.71495928300015,45.03843406844476,278,70,410,246,1
p02/realsense/board_images_human/00000009.jpg,329.0,158.0,-31.351762865500415,38.94954383847684,278,70,410,246,1
p02/realsense/board_images_human/00000010.jpg,349.0,165.0,24.54356050240557,43.56160738385072,278,70,410,246,1
p02/realsense/board_images_human/00000011.jpg,345.0,164.0,9.944345423350939,49.001122375932155,278,70,410,246,1
p02/realsense/board_images_human/00000012.jpg,338.0,165.0,-7.295702585168881,49.46486352744501,278,70,410,246,1
p02/realsense/board_images_human/00000013.jpg,337.0,166.0,-22.781071111815056,44.50868228782364,278,70,410,246,1
p02/realsense/board_images_human/00000014.jpg,320.0,162.0,-31.674208144796378,38.68778280542987,278,70,410,246,1
p02/realsense/board_images_human/00000015.jpg,361.0,173.0,24.211229438201457,43.747186984888145,278,70,410,246,1
p02/realsense/board_images_human/00000016.jpg,359.0,174.0,7.75925326878011,49.39427080857582,278,70,410,246,1
p02/realsense/board_images_human/00000017.jpg,340.0,173.0,-8.432586814313327,49.283785159209,278,70,410,246,1
p02/realsense/board_images_human/00000018.jpg,326.0,173.0,-22.83299934269377,44.48206538613676,278,70,410,246,1
p02/realsense/board_images_human/00000019.jpg,311.0,168.0,-31.910589008725214,38.49304234684791,278,70,410,246,1
p02/realsense/board_images_human/00000020.jpg,334.0,154.0,-5.925683797462765,49.64762100576912,278,70,410,246,1
p02/realsense/board_images_human/00000021.jpg,339.0,158.0,24.586849935615042,43.537188818796594,278,70,410,246,1
p02/realsense/board_images_human/00000022.jpg,340.0,158.0,-6.978015118327598,49.510678696705334,278,70,410,246,1
p02/realsense/board_images_human/00000023.jpg,337.0,160.0,-7.050921735533766,49.50034851068603,278,70,410,246,1
p02/realsense/board_images_human/00000024.jpg,353.0,172.0,25.142446692352895,43.21871555613602,278,70,410,246,1
p02/realsense/board_images_human/00000025.jpg,314.0,174.0,-32.58704123346603,37.92208780708658,278,70,410,246,1
p02/realsense/board_images_human/00000026.jpg,319.0,171.0,-32.11099313052037,38.32602405900818,278,70,410,246,1
p02/realsense/board_images_human/00000027.jpg,322.0,157.0,-20.037034107250964,45.80957611880797,278,70,410,246,1
p02/realsense/board_images_human/00000028.jpg,341.0,157.0,10.14109732398825,48.960781703986285,278,70,410,246,1
p02/realsense/board_images_human/00000029.jpg,346.0,157.0,23.713458409765362,44.018994652857856,278,70,410,246,1
p03/realsense/board_images_human/00000000.jpg,345.0,101.0,22.227877583531253,44.78751453398088,294,32,402,175,1
p03/realsense/board_images_human/00000001.jpg,347.0,100.0,8.82233580543194,49.21550965840132,294,32,402,175,1
p03/realsense/board_images_human/00000002.jpg,347.0,100.0,-6.47324863761097,49.57919979261129,294,32,402,175,1
p03/realsense/board_images_human/00000003.jpg,345.0,101.0,-19.836212530445536,45.89689175147916,294,32,402,175,1
p03/realsense/board_images_human/00000004.jpg,345.0,101.0,-29.583853497576463,40.30875354354105,294,32,402,175,1
p03/realsense/board_images_human/00000005.jpg,346.0,103.0,22.038888412582864,44.88081324505741,294,32,402,175,1
p03/realsense/board_images_human/00000006.jpg,347.0,103.0,8.521585067396796,49.26847458506423,294,32,402,175,1
p03/realsense/board_images_human/00000007.jpg,347.0,103.0,-6.891833798378126,49.52274857977426,294,32,402,175,1
p03/realsense/board_images_human/00000008.jpg,346.0,103.0,-20.374415765629227,45.66052104618692,294,32,402,175,1
p03/realsense/board_images_human/00000009.jpg,342.0,103.0,-29.769032103776365,40.17218848412833,294,32,402,175,1
p03/realsense/board_images_human/00000010.jpg,345.0,104.0,21.95444851549274,44.92217927016207,294,32,402,175,1
p03/realsense/board_images_human/00000011.jpg,345.0,104.0,8.499470785617719,49.272294409378084,294,32,402,175,1
p03/realsense/board_images_human/00000012.jpg,345.0,105.0,-7.0710678118654755,49.49747468305832,294,32,402,175,1
p03/realsense/board_images_human/00000013.jpg,345.0,105.0,-20.655748932227045,45.533943778776745,294,32,402,175,1
p03/realsense/board_images_human/00000014.jpg,345.0,106.0,-30.41320292233352,39.68673692815981,294,32,402,175,1
p03/realsense/board_images_human/00000015.jpg,347.0,107.0,21.810309712479135,44.992337016938095,294,32,402,175,1
p03/realsense/board_images_human/00000016.jpg,347.0,105.0,7.928696462302681,49.36735533131858,294,32,402,175,1
p03/realsense/board_images_human/00000017.jpg,347.0,105.0,-7.7598112506264,49.394183153025736,294,32,402,175,1
p03/realsense/board_images_human/00000018.jpg,347.0,105.0,-21.316170207209833,45.22854063196446,294,32,402,175,1
p03/realsense/board_images_human/00000019.jpg,347.0,105.0,-30.754542929974065,39.42281178668491,294,32,402,175,1
p03/realsense/board_images_human/00000020.jpg,346.0,104.0,-6.3750453688105155,49.59192269458412,294,32,402,175,1
p03/realsense/board_images_human/00000021.jpg,347.0,104.0,22.002204839307844,44.89880824931925,294,32,402,175,1
p03/realsense/board_images_human/00000022.jpg,347.0,104.0,-20.484158851656062,45.6113937096875,294,32,402,175,1
p03/realsense/board_images_human/00000023.jpg,347.0,104.0,-30.06375761678927,39.95210229711253,294,32,402,175,1
p03/realsense/board_images_human/00000024.jpg,346.0,104.0,-7.174965523349716,49.4825208506877,294,32,402,175,1
p03/realsense/board_images_human/00000025.jpg,349.0,105.0,21.48074484903124,45.15061019223127,294,32,402,175,1
p03/realsense/board_images_human/00000026.jpg,346.0,105.0,-30.68056258619569,39.48041387060841,294,32,402,175,1
p03/realsense/board_images_human/00000027.jpg,346.0,104.0,22.174037083267294,44.81419506618285,294,32,402,175,1
p03/realsense/board_images_human/00000028.jpg,348.0,103.0,21.636553379238567,45.076152873413676,294,32,402,175,1
p03/realsense/board_images_human/00000029.jpg,345.0,103.0,-20.57020068694859,45.57265456058776,294,32,402,175,1
p04/realsense/board_images_human/00000000.jpg,354.0,122.0,22.305924559989933,44.748695282924594,294,57,405,205,1
p04/realsense/board_images_human/00000001.jpg,353.0,123.0,8.684958395697937,49.23993803473961,294,57,405,205,1
p04/realsense/board_images_human/00000002.jpg,351.0,123.0,-6.911534158859905,49.52000298435888,294,57,405,205,1
p04/realsense/board_images_human/00000003.jpg,347.0,123.0,-20.515312497112383,45.59738976241759,294,57,405,205,1
p04/realsense/board_images_human/00000004.jpg,344.0,123.0,-30.186953496913993,39.859099821435414,294,57,405,205,1
p04/realsense/board_images_human/00000005.jpg,356.0,127.0,22.173367025441003,44.81452660416135,294,57,405,205,1
p04/realsense/board_images_human/00000006.jpg,352.0,126.0,8.419689976394311,49.285990105722796,294,57,405,205,1
p04/realsense/board_images_human/00000007.jpg,348.0,126.0,-7.331175196848758,49.459618581557116,294,57,405,205,1
p04/realsense/board_images_human/00000008.jpg,343.0,126.0,-20.9108981015278,45.417335243137295,294,57,405,205,1
p04/realsense/board_images_human/00000009.jpg,338.0,126.0,-30.461530518290203,39.64965521266578,294,57,405,205,1
p04/realsense/board_images_human/00000010.jpg,358.0,127.0,21.784303383985026,45.00493446361742,294,57,405,205,1
p04/realsense/board_images_human/00000011.jpg,365.0,128.0,6.461321865368099,49.58075553833479,294,57,405,205,1
p04/realsense/board_images_human/00000012.jpg,348.0,127.0,-7.879038056889261,49.37530515650603,294,57,405,205,1
p04/realsense/board_images_human/00000013.jpg,341.0,127.0,-21.24937218999715,45.259962235191665,294,57,405,205,1
p04/realsense/board_images_human/00000014.jpg,345.0,128.0,-31.49851747983482,38.83095925382916,294,57,405,205,1
p04/realsense/board_images_human/00000015.jpg,350.0,132.0,22.887288473159565,44.454156457483,294,57,405,205,1
p04/realsense/board_images_human/00000016.jpg,355.0,130.0,7.298043665713412,49.464518178724234,294,57,405,205,1
p04/realsense/board_images_human/00000017.jpg,344.0,131.0,-7.931087193427544,49.36697130602859,294,57,405,205,1
p04/realsense/board_images_human/00000018.jpg,344.0,131.0,-22.4192730489526,44.69201490150682,294,57,405,205,1
p04/realsense/board_images_human/00000019.jpg,341.0,132.0,-31.922263555447593,38.48336120320758,294,57,405,205,1
p04/realsense/board_images_human/00000020.jpg,358.0,121.0,21.976467976651193,44.91141119215945,294,57,405,205,1
p04/realsense/board_images_human/00000021.jpg,340.0,123.0,-30.0,40.0,294,57,405,205,1
p04/realsense/board_images_human/00000022.jpg,353.0,131.0,22.478135286095146,44.66243873838513,294,57,405,205,1
p04/realsense/board_images_human/00000023.jpg,343.0,131.0,-32.009219983224,38.41106397986879,294,57,405,205,1
p04/realsense/board_images_human/00000024.jpg,345.0,126.0,-6.663367150238768,49.554006278212455,294,57,405,205,1
p04/realsense/board_images_human/00000025.jpg,356.0,127.0,22.098114490260517,44.85168152896096,294,57,405,205,1
p04/realsense/board_images_human/00000026.jpg,343.0,125.0,-30.679944721082453,39.48089401104444,294,57,405,205,1
p04/realsense/board_images_human/00000027.jpg,358.0,127.0,21.784303383985026,45.00493446361742,294,57,405,205,1
p04/realsense/board_images_human/00000028.jpg,346.0,128.0,-7.62261023650968,49.41554222289034,294,57,405,205,1
p04/realsense/board_images_human/00000029.jpg,345.0,132.0,-8.114659383544872,49.33712905195283,294,57,405,205,1
p05/realsense/board_images_human/00000000.jpg,352.0,113.0,22.225058460441257,44.78891354375509,299,54,401,189,1
p05/realsense/board_images_human/00000001.jpg,349.0,114.0,8.898206684033633,49.20184872348009,299,54,401,189,1
p05/realsense/board_images_human/00000002.jpg,347.0,114.0,-6.57353992427388,49.566002187628335,299,54,401,189,1
p05/realsense/board_images_human/00000003.jpg,347.0,114.0,-20.26800828109131,45.70785315804729,299,54,401,189,1
p05/realsense/board_images_human/00000004.jpg,347.0,114.0,-30.039220468537266,39.9705545826251,299,54,401,189,1
p05/realsense/board_images_human/00000005.jpg,346.0,114.0,22.578918535526068,44.61157291293457,299,54,401,189,1
p05/realsense/board_images_human/00000006.jpg,347.0,114.0,8.838192809393844,49.212664506852086,299,54,401,189,1
p05/realsense/board_images_human/00000007.jpg,346.0,113.0,-6.7737060520516605,49.53904426127333,299,54,401,189,1
p05/realsense/board_images_human/00000008.jpg,346.0,114.0,-20.704199431111768,45.511933884606044,299,54,401,189,1
p05/realsense/board_images_human/00000009.jpg,346.0,114.0,-30.36344002521695,39.72482233862164,299,54,401,189,1
p05/realsense/board_images_human/00000010.jpg,346.0,114.0,22.590902125318504,44.60550572703195,299,54,401,189,1
p05/realsense/board_images_human/00000011.jpg,346.0,115.0,8.79835835472125,49.219801810469605,299,54,401,189,1
p05/realsense/board_images_human/00000012.jpg,346.0,115.0,-7.178732060011031,49.48197455650461,299,54,401,189,1
p05/realsense/board_images_human/00000013.jpg,340.0,116.0,-20.6901472150592,45.51832387313024,299,54,401,189,1
p05/realsense/board_images_human/00000014.jpg,340.0,116.0,-30.60451674719721,39.53939244184875,299,54,401,189,1
p05/realsense/board_images_human/00000015.jpg,350.0,116.0,22.190906927597677,44.805843923875564,299,54,401,189,1
p05/realsense/board_images_human/00000016.jpg,348.0,116.0,8.39639757798587,49.28996355965779,299,54,401,189,1
p05/realsense/board_images_human/00000017.jpg,347.0,117.0,-7.814179007902785,49.385611329945604,299,54,401,189,1
p05/realsense/board_images_human/00000018.jpg,347.0,116.0,-21.848477843058376,44.97381478084094,299,54,401,189,1
p05/realsense/board_images_human/00000019.jpg,334.0,117.0,-30.497617466699484,39.62190465960548,299,54,401,189,1
p05/realsense/board_images_human/00000020.jpg,348.0,114.0,9.029629483832938,49.177899420214096,299,54,401,189,1
p05/realsense/board_images_human/00000021.jpg,347.0,114.0,-20.26800828109131,45.70785315804729,299,54,401,189,1
p05/realsense/board_images_human/00000022.jpg,347.0,114.0,-30.039220468537266,39.9705545826251,299,54,401,189,1
p05/realsense/board_images_human/00000023.jpg,347.0,114.0,22.49902816947614,44.65191744403726,299,54,401,189,1
p05/realsense/board_images_human/00000024.jpg,347.0,115.0,-21.32370037474417,45.2249909046772,299,54,401,189,1
p05/realsense/board_images_human/00000025.jpg,341.0,117.0,-30.718363874761746,39.45100912343983,299,54,401,189,1
p05/realsense/board_images_human/00000026.jpg,349.0,119.0,8.321779212990444,49.30261646941509,299,54,401,189,1
p05/realsense/board_images_human/00000027.jpg,342.0,119.0,-21.435232495023193,45.17223492239788,299,54,401,189,1
p05/realsense/board_images_human/00000028.jpg,335.0,120.0,-30.75783387522352,39.42024423191912,299,54,401,189,1
p05/realsense/board_images_human/00000029.jpg,346.0,119.0,-6.9564716865318355,49.51371023943248,299,54,401,189,1
p06/realsense/board_images_human/00000000.jpg,349.0,145.0,23.258268631001165,44.261190000814345,300,80,402,216,1
p06/realsense/board_images_human/00000001.jpg,357.0,146.0,8.613318320552464,49.25252021479546,300,80,402,216,1
p06/realsense/board_images_human/00000002.jpg,356.0,147.0,-7.798128673650545,49.38814826645345,300,80,402,216,1
p06/realsense/board_images_human/00000003.jpg,351.0,147.0,-21.598590852297704,45.094355225405344,300,80,402,216,1
p06/realsense/board_images_human/00000004.jpg,346.0,147.0,-31.033524983182726,39.203575437938994,300,80,402,216,1
p06/realsense/board_images_human/00000005.jpg,368.0,148.0,22.164320278148047,44.81900162439671,300,80,402,216,1
p06/realsense/board_images_human/00000006.jpg,350.0,147.0,9.14297798772779,49.15695223990117,300,80,402,216,1
p06/realsense/board_images_human/00000007.jpg,354.0,149.0,-8.255175613778563,49.31381221915089,300,80,402,216,1
p06/realsense/board_images_human/00000008.jpg,347.0,149.0,-22.12333000536128,44.83924920729473,300,80,402,216,1
p06/realsense/board_images_human/00000009.jpg,347.0,150.0,-31.925405150406622,38.48075500795678,300,80,402,216,1
p06/realsense/board_images_human/00000010.jpg,364.0,151.0,22.513181281017633,44.644783218289206,300,80,402,216,1
p06/realsense/board_images_human/00000011.jpg,359.0,149.0,7.834045255121891,49.38246384032192,300,80,402,216,1
p06/realsense/board_images_human/00000012.jpg,354.0,149.0,-9.054575941662598,49.173312421644574,300,80,402,216,1
p06/realsense/board_images_human/00000013.jpg,348.0,149.0,-23.012187613468644,44.38962965876738,300,80,402,216,1
p06/realsense/board_images_human/00000014.jpg,347.0,149.0,-32.74243971429844,37.787995998141156,300,80,402,216,1
p06/realsense/board_images_human/00000015.jpg,365.0,152.0,22.551048996552087,44.625667380500964,300,80,402,216,1
p06/realsense/board_images_human/00000016.jpg,362.0,149.0,6.778929337819689,49.53832977637466,300,80,402,216,1
p06/realsense/board_images_human/00000017.jpg,350.0,151.0,-9.203941454620386,49.14557418221829,300,80,402,216,1
p06/realsense/board_images_human/00000018.jpg,345.0,150.0,-23.59383895639023,44.08322541851859,300,80,402,216,1
p06/realsense/board_images_human/00000019.jpg,341.0,152.0,-33.242846251073004,37.348536425508314,300,80,402,216,1
p06/realsense/board_images_human/00000020.jpg,359.0,147.0,8.729642129375332,49.23203579269331,300,80,402,216,1
p06/realsense/board_images_human/00000021.jpg,359.0,148.0,-7.89641420659289,49.372529231121206,300,80,402,216,1
p06/realsense/board_images_human/00000022.jpg,345.0,146.0,-31.002724640716963,39.22793730049901,300,80,402,216,1
p06/realsense/board_images_human/00000023.jpg,369.0,148.0,22.08541676199372,44.85793537880502,300,80,402,216,1
p06/realsense/board_images_human/00000024.jpg,354.0,147.0,-8.009258414094793,49.35434914631386,300,80,402,216,1
p06/realsense/board_images_human/00000025.jpg,347.0,147.0,-31.800222246169852,38.58426965868609,300,80,402,216,1
p06/realsense/board_images_human/00000026.jpg,356.0,147.0,-9.272914532626023,49.132606851973705,300,80,402,216,1
p06/realsense/board_images_human/00000027.jpg,353.0,147.0,-32.94772530108672,37.609139813137574,300,80,402,216,1
p06/realsense/board_images_human/00000028.jpg,365.0,152.0,22.551048996552087,44.625667380500964,300,80,402,216,1
p06/realsense/board_images_human/00000029.jpg,349.0,151.0,-33.75671083299061,36.884745813653836,300,80,402,216,1
p07/realsense/board_images_human/00000000.jpg,358.0,134.0,22.444283959271118,44.67945968289685,300,70,407,213,1
p07/realsense/board_images_human/00000001.jpg,357.0,135.0,8.746664510250818,49.22901441167718,300,70,407,213,1
p07/realsense/board_images_human/00000002.jpg,355.0,134.0,-7.223266655502432,49.475493113495155,300,70,407,213,1
p07/realsense/board_images_human/00000003.jpg,352.0,135.0,-21.120753558166673,45.320125431591535,300,70,407,213,1
p07/realsense/board_images_human/00000004.jpg,350.0,134.0,-30.81372775892514,39.37656894142563,300,70,407,213,1
p07/realsense/board_images_human/00000005.jpg,361.0,136.0,22.169360417040807,44.816508774104044,300,70,407,213,1
p07/realsense/board_images_human/00000006.jpg,357.0,136.0,8.100507469173428,49.339454584965424,300,70,407,213,1
p07/realsense/board_images_human/00000007.jpg,352.0,136.0,-7.825278754619705,49.38385376226219,300,70,407,213,1
p07/realsense/board_images_human/00000008.jpg,348.0,136.0,-21.81605424562698,44.98955186653742,300,70,407,213,1
p07/realsense/board_images_human/00000009.jpg,346.0,136.0,-31.244966755784255,39.035266778003916,300,70,407,213,1
p07/realsense/board_images_human/00000010.jpg,359.0,136.0,22.360679774997898,44.721359549995796,300,70,407,213,1
p07/realsense/board_images_human/00000011.jpg,356.0,138.0,7.999987130166075,49.3558528030585,300,70,407,213,1
p07/realsense/board_images_human/00000012.jpg,349.0,138.0,-7.999987130166075,49.3558528030585,300,70,407,213,1
p07/realsense/board_images_human/00000013.jpg,346.0,139.0,-22.311359312944077,44.745985804412705,300,70,407,213,1
p07/realsense/board_images_human/00000014.jpg,340.0,139.0,-31.725618196639928,38.64563558852447,300,70,407,213,1
p07/realsense/board_images_human/00000015.jpg,362.0,140.0,22.176958026247416,44.81274966683098,300,70,407,213,1
p07/realsense/board_images_human/00000016.jpg,357.0,141.0,7.450140076264561,49.44183868793754,300,70,407,213,1
p07/realsense/board_images_human/00000017.jpg,350.0,141.0,-8.899936518870723,49.201535849606074,300,70,407,213,1
p07/realsense/board_images_human/00000018.jpg,343.0,141.0,-22.7849882890203,44.506677124552986,300,70,407,213,1
p07/realsense/board_images_human/00000019.jpg,337.0,140.0,-32.16265799911932,38.282677942271576,300,70,407,213,1
p07/realsense/board_images_human/00000020.jpg,364.0,138.0,22.360679774997898,44.721359549995796,300,70,407,213,1
p07/realsense/board_images_human/00000021.jpg,351.0,138.0,-6.961543087317612,49.512997463730876,300,70,407,213,1
p07/realsense/board_images_human/00000022.jpg,359.0,139.0,22.475866362247334,44.66358059164535,300,70,407,213,1
p07/realsense/board_images_human/00000023.jpg,348.0,139.0,-31.479174913850173,38.846641383049146,300,70,407,213,1
p07/realsense/board_images_human/00000024.jpg,355.0,140.0,8.197792340306293,49.3233839141762,300,70,407,213,1
p07/realsense/board_images_human/00000025.jpg,349.0,140.0,-22.655700744581196,44.572628638795614,300,70,407,213,1
p07/realsense/board_images_human/00000026.jpg,345.0,140.0,-32.14467391692453,38.297779815213715,300,70,407,213,1
p07/realsense/board_images_human/00000027.jpg,361.0,141.0,22.360679774997898,44.721359549995796,300,70,407,213,1
p07/realsense/board_images_human/00000028.jpg,351.0,141.0,-9.062392865943934,49.171872402251346,300,70,407,213,1
p07/realsense/board_images_human/00000029.jpg,350.0,145.0,-33.512031828653086,37.10719233134383,300,70,407,213,1
p08/realsense/board_images_human/00000000.jpg,325.0,116.0,23.685095577259023,44.03426219997452,259,60,357,190,1
p08/realsense/board_images_human/00000001.jpg,321.0,117.0,10.846522890932809,48.809353009197636,259,60,357,190,1
p08/realsense/board_images_human/00000002.jpg,316.0,115.0,-4.09577783647269,49.8319636770844,259,60,357,190,1
p08/realsense/board_images_human/00000003.jpg,306.0,117.0,-17.92492848724231,46.676513780778976,259,60,357,190,1
p08/realsense/board_images_human/00000004.jpg,299.0,116.0,-28.01290485962271,41.41590469041726,259,60,357,190,1
p08/realsense/board_images_human/00000005.jpg,322.0,118.0,24.274540855827798,43.71208833078954,259,60,357,190,1
p08/realsense/board_images_human/00000006.jpg,317.0,118.0,11.797169019112363,48.58834019736109,259,60,357,190,1
p08/realsense/board_images_human/00000007.jpg,310.0,119.0,-3.2850677587502113,49.89196658601883,259,60,357,190,1
p08/realsense/board_images_human/00000008.jpg,302.0,119.0,-17.172815313230664,46.95843283391887,259,60,357,190,1
p08/realsense/board_images_human/00000009.jpg,289.0,119.0,-27.37413704592604,41.84084871260214,259,60,357,190,1
p08/realsense/board_images_human/00000010.jpg,324.0,120.0,24.78245783382902,43.42614170881966,259,60,357,190,1
p08/realsense/board_images_human/00000011.jpg,316.0,122.0,12.605544325091895,48.384917611463834,259,60,357,190,1
p08/realsense/board_images_human/00000012.jpg,309.0,121.0,-2.6279416561381836,49.93089146662549,259,60,357,190,1
p08/realsense/board_images_human/00000013.jpg,294.0,122.0,-16.072797951395277,47.34622652348996,259,60,357,190,1
p08/realsense/board_images_human/00000014.jpg,294.0,122.0,-27.633705353077627,41.669873151466255,259,60,357,190,1
p08/realsense/board_images_human/00000015.jpg,332.0,125.0,24.700470380476368,43.47282786963841,259,60,357,190,1
p08/realsense/board_images_human/00000016.jpg,323.0,126.0,12.422550727580015,48.432223089805625,259,60,357,190,1
p08/realsense/board_images_human/00000017.jpg,312.0,125.0,-2.4243296927772735,49.94119167121184,259,60,357,190,1
p08/realsense/board_images_human/00000018.jpg,297.0,125.0,-15.949344538319107,47.38795636865965,259,60,357,190,1
p08/realsense/board_images_human/00000019.jpg,286.0,125.0,-26.781854875725173,42.22241406428102,259,60,357,190,1
p08/realsense/board_images_human/00000020.jpg,324.0,112.0,23.57063933693946,44.09563426517326,259,60,357,190,1
p08/realsense/board_images_human/00000021.jpg,313.0,115.0,-3.8755007808414446,49.84957867121545,259,60,357,190,1
p08/realsense/board_images_human/00000022.jpg,297.0,115.0,-27.969275636531304,41.44538117049639,259,60,357,190,1
p08/realsense/board_images_human/00000023.jpg,319.0,117.0,11.585527130982998,48.639238903351036,259,60,357,190,1
p08/realsense/board_images_human/00000024.jpg,295.0,116.0,-27.61614607557177,41.681512399776025,259,60,357,190,1
p08/realsense/board_images_human/00000025.jpg,327.0,119.0,24.47521926704563,43.60004176408594,259,60,357,190,1
p08/realsense/board_images_human/00000026.jpg,298.0,120.0,-16.330031588444776,47.25812171807504,259,60,357,190,1
p08/realsense/board_images_human/00000027.jpg,330.0,121.0,24.776960237810343,43.42927861908329,259,60,357,190,1
p08/realsense/board_images_human/00000028.jpg,309.0,124.0,-1.9340353962231354,49.962581069097666,259,60,357,190,1
p08/realsense/board_images_human/00000029.jpg,289.0,124.0,-27.010433645029014,42.07655492441705,259,60,357,190,1
p09/realsense/board_images_human/00000000.jpg,345.0,126.0,22.959991377249303,44.41664998575014,274,55,390,211,1
p09/realsense/board_images_human/00000001.jpg,342.0,128.0,9.484580015384472,49.09218615963002,274,55,390,211,1
p09/realsense/board_images_human/00000002.jpg,337.0,128.0,-5.954211830947204,49.64420773335201,274,55,390,211,1
p09/realsense/board_images_human/00000003.jpg,333.0,128.0,-19.973078625344733,45.8374969891005,274,55,390,211,1
p09/realsense/board_images_human/00000004.jpg,333.0,128.0,-30.010044257103857,39.992464836349704,274,55,390,211,1
p09/realsense/board_images_human/00000005.jpg,338.0,128.0,23.53420181567384,44.11509203094939,274,55,390,211,1
p09/realsense/board_images_human/00000006.jpg,338.0,128.0,9.885000697355933,49.01312845772317,274,55,390,211,1
p09/realsense/board_images_human/00000007.jpg,336.0,129.0,-6.085498001191645,49.62828542351118,274,55,390,211,1
p09/realsense/board_images_human/00000008.jpg,331.0,129.0,-20.091601827242997,45.78566954862106,274,55,390,211,1
p09/realsense/board_images_human/00000009.jpg,331.0,128.0,-30.22853782473744,39.827572120057965,274,55,390,211,1
p09/realsense/board_images_human/00000010.jpg,344.0,130.0,23.443331937192845,44.16344854834814,274,55,390,211,1
p09/realsense/board_images_human/00000011.jpg,341.0,132.0,9.8058067569092,49.02903378454601,274,55,390,211,1
p09/realsense/board_images_human/00000012.jpg,332.0,130.0,-5.741341071331255,49.66927624500527,274,55,390,211,1
p09/realsense/board_images_human/00000013.jpg,331.0,129.0,-20.37523139099213,45.6601570930667,274,55,390,211,1
p09/realsense/board_images_human/00000014.jpg,327.0,130.0,-30.4597064748,39.65105649877474,274,55,390,211,1
p09/realsense/board_images_human/00000015.jpg,341.0,131.0,24.134762446351672,43.78941928888956,274,55,390,211,1
p09/realsense/board_images_human/00000016.jpg,342.0,133.0,9.617645061698408,49.0662909079868,274,55,390,211,1
p09/realsense/board_images_human/00000017.jpg,333.0,135.0,-5.976900748564281,49.641481217242216,274,55,390,211,1
p09/realsense/board_images_human/00000018.jpg,328.0,135.0,-20.57525247118639,45.57037399173874,274,55,390,211,1
p09/realsense/board_images_human/00000019.jpg,319.0,134.0,-30.338072140192224,39.744199310295485,274,55,390,211,1
p09/realsense/board_images_human/00000020.jpg,333.0,131.0,23.578915637072125,44.09120929822446,274,55,390,211,1
p09/realsense/board_images_human/00000021.jpg,330.0,128.0,-5.34306092553384,49.71369730714095,274,55,390,211,1
p09/realsense/board_images_human/00000022.jpg,328.0,129.0,-29.80807757221513,40.1432249756893,274,55,390,211,1
p09/realsense/board_images_human/00000023.jpg,338.0,131.0,23.6883705303137,44.03250051517135,274,55,390,211,1
p09/realsense/board_images_human/00000024.jpg,331.0,129.0,-5.556092805540206,49.69033943068033,274,55,390,211,1
p09/realsense/board_images_human/00000025.jpg,339.0,131.0,10.008320622712604,48.98809567959328,274,55,390,211,1
p09/realsense/board_images_human/00000026.jpg,326.0,131.0,-19.90465590114132,45.86725055480391,274,55,390,211,1
p09/realsense/board_images_human/00000027.jpg,339.0,131.0,24.245377795680454,43.72827066720939,274,55,390,211,1
p09/realsense/board_images_human/00000028.jpg,333.0,133.0,-5.937749040046974,49.646179473726086,274,55,390,211,1
p09/realsense/board_images_human/00000029.jpg,324.0,133.0,-30.687950588179024,39.47467148308498,274,55,390,211,1
p11/realsense/board_images_human/00000000.jpg,340.0,130.0,23.179846636454428,44.30231043535373,258,56,382,221,1
p11/realsense/board_images_human/00000001.jpg,321.0,136.0,11.081055179448407,48.75664278957299,258,56,382,221,1
p11/realsense/board_images_human/00000002.jpg,338.0,134.0,-6.16332660406057,49.61868000231042,258,56,382,221,1
p11/realsense/board_images_human/00000003.jpg,334.0,134.0,-20.105418520254464,45.77960404072329,258,56,382,221,1
p11/realsense/board_images_human/00000004.jpg,325.0,130.0,-29.66427603618434,40.24960530550653,258,56,382,221,1
p11/realsense/board_images_human/00000005.jpg,320.0,128.0,24.83633334262937,43.39535166459418,258,56,382,221,1
p11/realsense/board_images_human/00000006.jpg,332.0,132.0,10.561292658540705,48.87186406697267,258,56,382,221,1
p11/realsense/board_images_human/00000007.jpg,333.0,133.0,-5.811408474752228,49.661126966064494,258,56,382,221,1
p11/realsense/board_images_human/00000008.jpg,331.0,131.0,-20.198744695241263,45.7385036127819,258,56,382,221,1
p11/realsense/board_images_human/00000009.jpg,322.0,128.0,-29.604945994963007,40.29326460632501,258,56,382,221,1
p11/realsense/board_images_human/00000010.jpg,323.0,132.0,25.381528916724516,43.078741739394815,258,56,382,221,1
p11/realsense/board_images_human/00000011.jpg,333.0,133.0,10.720364742130432,48.83721715859419,258,56,382,221,1
p11/realsense/board_images_human/00000012.jpg,331.0,132.0,-5.654546742054136,49.67923209090419,258,56,382,221,1
p11/realsense/board_images_human/00000013.jpg,328.0,132.0,-20.15765025879398,45.75662942180229,258,56,382,221,1
p11/realsense/board_images_human/00000014.jpg,318.0,133.0,-30.0,40.0,258,56,382,221,1
p11/realsense/board_images_human/00000015.jpg,330.0,139.0,25.789038617228776,42.83603024556644,258,56,382,221,1
p11/realsense/board_images_human/00000016.jpg,334.0,140.0,11.145757025240588,48.74189266261929,258,56,382,221,1
p11/realsense/board_images_human/00000017.jpg,332.0,141.0,-5.950556879170349,49.644645963364056,258,56,382,221,1
p11/realsense/board_images_human/00000018.jpg,319.0,139.0,-19.639514691370625,45.98140344408202,258,56,382,221,1
p11/realsense/board_images_human/00000019.jpg,311.0,138.0,-29.9133028885887,40.064876267069025,258,56,382,221,1
p11/realsense/board_images_human/00000020.jpg,330.0,127.0,23.599778476787968,44.08004600549477,258,56,382,221,1
p11/realsense/board_images_human/00000021.jpg,336.0,127.0,-5.945082796869297,49.64530179723322,258,56,382,221,1
p11/realsense/board_images_human/00000022.jpg,320.0,131.0,-29.529543416823174,40.34855716867649,258,56,382,221,1
p11/realsense/board_images_human/00000023.jpg,326.0,133.0,11.152455363247265,48.740360476413976,258,56,382,221,1
p11/realsense/board_images_human/00000024.jpg,318.0,133.0,-29.627719084075277,40.276522465018274,258,56,382,221,1
p11/realsense/board_images_human/00000025.jpg,334.0,135.0,24.65361912990171,43.49941452247081,258,56,382,221,1
p11/realsense/board_images_human/00000026.jpg,314.0,136.0,-29.824274544753038,40.13119295360152,258,56,382,221,1
p11/realsense/board_images_human/00000027.jpg,335.0,137.0,25.1208682269904,43.231261599936964,258,56,382,221,1
p11/realsense/board_images_human/00000028.jpg,320.0,141.0,-4.09577783647269,49.831963677084396,258,56,382,221,1
p11/realsense/board_images_human/00000029.jpg,310.0,141.0,-30.021829588575233,39.98361849751156,258,56,382,221,1
p14/realsense/board_images_human/00000000.jpg,333.0,110.0,23.103267308830667,44.34229402789978,260,35,379,193,1
p14/realsense/board_images_human/00000001.jpg,331.0,111.0,10.103453641635175,48.96856363537049,260,35,379,193,1
p14/realsense/board_images_human/00000002.jpg,324.0,112.0,-4.765441367084939,49.772387611776026,260,35,379,193,1
p14/realsense/board_images_human/00000003.jpg,319.0,111.0,-18.52077187568999,46.44330962720735,260,35,379,193,1
p14/realsense/board_images_human/00000004.jpg,314.0,111.0,-28.694091431197233,40.94690607284137,260,35,379,193,1
p14/realsense/board_images_human/00000005.jpg,322.0,111.0,24.15386714556674,43.778884201339714,260,35,379,193,1
p14/realsense/board_images_human/00000006.jpg,323.0,111.0,11.055455138325836,48.76245391368717,260,35,379,193,1
p14/realsense/board_images_human/00000007.jpg,323.0,111.0,-4.554161358471408,49.79216418595406,260,35,379,193,1
p14/realsense/board_images_human/00000008.jpg,317.0,112.0,-18.25919970500652,46.54676815991299,260,35,379,193,1
p14/realsense/board_images_human/00000009.jpg,313.0,111.0,-28.482211612697363,41.09456924764546,260,35,379,193,1
p14/realsense/board_images_human/00000010.jpg,326.0,112.0,24.224991399288434,43.739567804270784,260,35,379,193,1
p14/realsense/board_images_human/00000011.jpg,325.0,112.0,11.242975334937922,48.719559784731,260,35,379,193,1
p14/realsense/board_images_human/00000012.jpg,323.0,112.0,-4.342503511080794,49.81106968592675,260,35,379,193,1
p14/realsense/board_images_human/00000013.jpg,318.0,113.0,-18.30112118030605,46.53030156300035,260,35,379,193,1
p14/realsense/board_images_human/00000014.jpg,313.0,112.0,-28.531627434491647,41.06027564373337,260,35,379,193,1
p14/realsense/board_images_human/00000015.jpg,337.0,113.0,23.400710297640927,44.186047091427874,260,35,379,193,1
p14/realsense/board_images_human/00000016.jpg,329.0,113.0,11.087619861870591,48.75515035151315,260,35,379,193,1
p14/realsense/board_images_human/00000017.jpg,320.0,113.0,-3.573393575207328,49.872145114850106,260,35,379,193,1
p14/realsense/board_images_human/00000018.jpg,312.0,114.0,-17.427710353091953,46.864431201591806,260,35,379,193,1
p14/realsense/board_images_human/00000019.jpg,309.0,114.0,-28.238818136652306,41.2622000170262,260,35,379,193,1
p14/realsense/board_images_human/00000020.jpg,331.0,109.0,23.205304457633822,44.288981079141124,260,35,379,193,1
p14/realsense/board_images_human/00000021.jpg,321.0,109.0,-4.513222803341844,49.79589159687168,260,35,379,193,1
p14/realsense/board_images_human/00000022.jpg,313.0,111.0,-28.50924473059052,41.07581971052187,260,35,379,193,1
p14/realsense/board_images_human/00000023.jpg,324.0,110.0,10.982672793795642,48.778898084155415,260,35,379,193,1
p14/realsense/board_images_human/00000024.jpg,317.0,111.0,-18.291415013169164,46.534117986870775,260,35,379,193,1
p14/realsense/board_images_human/00000025.jpg,321.0,111.0,11.687456833264424,48.61484704049351,260,35,379,193,1
p14/realsense/board_images_human/00000026.jpg,316.0,111.0,-28.694198658162627,40.94683093190361,260,35,379,193,1
p14/realsense/board_images_human/00000027.jpg,327.0,111.0,24.397143255753704,43.64377849084829,260,35,379,193,1
p14/realsense/board_images_human/00000028.jpg,323.0,113.0,-4.036624753967188,49.83679023167181,260,35,379,193,1
p14/realsense/board_images_human/00000029.jpg,311.0,114.0,-28.440510354891252,41.1234406482887,260,35,379,193,1
p15/realsense/board_images_human/00000000.jpg,352.0,122.0,22.49775601386418,44.65255842995604,282,58,384,193,1
p15/realsense/board_images_human/00000001.jpg,337.0,122.0,10.023099749861387,48.985073965487985,282,58,384,193,1
p15/realsense/board_images_human/00000002.jpg,333.0,123.0,-5.530006111662871,49.69324936452608,282,58,384,193,1
p15/realsense/board_images_human/00000003.jpg,324.0,122.0,-19.18501260221405,46.1728848075674,282,58,384,193,1
p15/realsense/board_images_human/00000004.jpg,317.0,122.0,-29.103697746445363,40.65679251347248,282,58,384,193,1
p15/realsense/board_images_human/00000005.jpg,351.0,125.0,22.658566472868916,44.571171909594,282,58,384,193,1
p15/realsense/board_images_human/00000006.jpg,342.0,127.0,9.686871962625574,49.05267078946567,282,58,384,193,1
p15/realsense/board_images_human/00000007.jpg,332.0,127.0,-5.6361168535959045,49.681326339104636,282,58,384,193,1
p15/realsense/board_images_human/00000008.jpg,326.0,127.0,-19.649226504009405,45.97725413499738,282,58,384,193,1
p15/realsense/board_images_human/00000009.jpg,324.0,128.0,-29.850538466010214,40.11166106370122,282,58,384,193,1
p15/realsense/board_images_human/00000010.jpg,359.0,131.0,22.166662912173333,44.81784304647067,282,58,384,193,1
p15/realsense/board_images_human/00000011.jpg,344.0,132.0,9.422679572588223,49.10410481489637,282,58,384,193,1
p15/realsense/board_images_human/00000012.jpg,337.0,130.0,-6.39856688150984,49.58889333170126,282,58,384,193,1
p15/realsense/board_images_human/00000013.jpg,325.0,130.0,-19.80046382511,45.91232549447382,282,58,384,193,1
p15/realsense/board_images_human/00000014.jpg,310.0,129.0,-29.226726685480102,40.56844151865148,282,58,384,193,1
p15/realsense/board_images_human/00000015.jpg,358.0,132.0,22.18185555125022,44.81032564380078,282,58,384,193,1
p15/realsense/board_images_human/00000016.jpg,344.0,136.0,9.583282193985386,49.07301399333897,282,58,384,193,1
p15/realsense/board_images_human/00000017.jpg,333.0,133.0,-5.937749040046974,49.646179473726086,282,58,384,193,1
p15/realsense/board_images_human/00000018.jpg,320.0,131.0,-19.327983311052282,46.113220025581434,282,58,384,193,1
p15/realsense/board_images_human/00000019.jpg,315.0,132.0,-29.872392163640377,40.095388592975084,282,58,384,193,1
p15/realsense/board_images_human/00000020.jpg,357.0,119.0,22.251068969663898,44.77599724972366,282,58,384,193,1
p15/realsense/board_images_human/00000021.jpg,339.0,120.0,-5.966309569383429,49.64275526320314,282,58,384,193,1
p15/realsense/board_images_human/00000022.jpg,321.0,119.0,-29.210271548697786,40.58029122679305,282,58,384,193,1
p15/realsense/board_images_human/00000023.jpg,325.0,123.0,-4.7796806309644,49.77102222243365,282,58,384,193,1
p15/realsense/board_images_human/00000024.jpg,329.0,128.0,-5.199537839398278,49.728913181937386,282,58,384,193,1
p15/realsense/board_images_human/00000025.jpg,351.0,138.0,23.373731000939205,44.20032464921195,282,58,384,193,1
p15/realsense/board_images_human/00000026.jpg,336.0,135.0,-6.466959203388403,49.58002055931109,282,58,384,193,1
p15/realsense/board_images_human/00000027.jpg,305.0,127.0,-28.77137074593263,40.89264268056165,282,58,384,193,1
p15/realsense/board_images_human/00000028.jpg,356.0,128.0,22.264865647142248,44.76913845178065,282,58,384,193,1
p15/realsense/board_images_human/00000029.jpg,314.0,122.0,-28.997521223239588,40.732588463142996,282,58,384,193,1
p16/realsense/board_images_human/00000000.jpg,333.0,84.0,22.179962992825597,44.81126244190055,259,15,385,183,1
p16/realsense/board_images_human/00000001.jpg,332.0,84.0,9.696097854184334,49.05084796822663,259,15,385,183,1
p16/realsense/board_images_human/00000002.jpg,330.0,85.0,-5.226681558930406,49.726067609268455,259,15,385,183,1
p16/realsense/board_images_human/00000003.jpg,328.0,86.0,-18.55781299541009,46.428521157014984,259,15,385,183,1
p16/realsense/board_images_human/00000004.jpg,327.0,86.0,-28.526600214107244,41.06376846107157,259,15,385,183,1
p16/realsense/board_images_human/00000005.jpg,328.0,87.0,22.875172757210343,44.46039216345018,259,15,385,183,1
p16/realsense/board_images_human/00000006.jpg,329.0,87.0,10.061219782613202,48.97725856441898,259,15,385,183,1
p16/realsense/board_images_human/00000007.jpg,329.0,87.0,-4.927354545575103,49.756619430807405,259,15,385,183,1
p16/realsense/board_images_human/00000008.jpg,329.0,89.0,-18.553928119267734,46.43007378138706,259,15,385,183,1
p16/realsense/board_images_human/00000009.jpg,328.0,90.0,-28.58144523548758,41.02561380711841,259,15,385,183,1
p16/realsense/board_images_human/00000010.jpg,331.0,91.0,22.835604822146866,44.48072787631451,259,15,385,183,1
p16/realsense/board_images_human/00000011.jpg,330.0,91.0,10.150022530265328,48.95893220480923,259,15,385,183,1
p16/realsense/board_images_human/00000012.jpg,329.0,91.0,-4.843296538619682,49.76487193431723,259,15,385,183,1
p16/realsense/board_images_human/00000013.jpg,328.0,93.0,-18.549910929013887,46.43167888980164,259,15,385,183,1
p16/realsense/board_images_human/00000014.jpg,317.0,94.0,-27.99287056389933,41.42944843457101,259,15,385,183,1
p16/realsense/board_images_human/00000015.jpg,339.0,98.0,22.41403059364724,44.69464433852278,259,15,385,183,1
p16/realsense/board_images_human/00000016.jpg,332.0,98.0,10.08677072209381,48.972002781180095,259,15,385,183,1
p16/realsense/board_images_human/00000017.jpg,327.0,99.0,-4.459764877482997,49.80070779856014,259,15,385,183,1
p16/realsense/board_images_human/00000018.jpg,320.0,98.0,-17.678149056919587,46.77053608759828,259,15,385,183,1
p16/realsense/board_images_human/00000019.jpg,311.0,98.0,-27.476258042039742,41.77385838065771,259,15,385,183,1
p16/realsense/board_images_human/00000020.jpg,330.0,92.0,9.958410448294256,48.99826590138986,259,15,385,183,1
p16/realsense/board_images_human/00000021.jpg,320.0,93.0,-28.45095333843769,41.11621643748414,259,15,385,183,1
p16/realsense/board_images_human/00000022.jpg,336.0,93.0,22.57039046844716,44.615888135302534,259,15,385,183,1
p16/realsense/board_images_human/00000023.jpg,327.0,93.0,-4.791209766093426,49.769913692684774,259,15,385,183,1
p16/realsense/board_images_human/00000024.jpg,320.0,94.0,-28.388548592981177,41.15932833251712,259,15,385,183,1
p16/realsense/board_images_human/00000025.jpg,329.0,95.0,10.361235221629862,48.91466860443865,259,15,385,183,1
p16/realsense/board_images_human/00000026.jpg,319.0,96.0,-28.22688914682653,41.27036138795936,259,15,385,183,1
p16/realsense/board_images_human/00000027.jpg,336.0,99.0,22.786069311116876,44.50612368370197,259,15,385,183,1
p16/realsense/board_images_human/00000028.jpg,327.0,99.0,-4.459764877482997,49.80070779856014,259,15,385,183,1
p16/realsense/board_images_human/00000029.jpg,313.0,99.0,-27.706331615507594,41.621619243027105,259,15,385,183,1
p17/realsense/board_images_human/00000000.jpg,343.0,107.0,22.387407012746564,44.70798594485806,295,56,389,181,1
p17/realsense/board_images_human/00000001.jpg,336.0,106.0,9.622109930490435,49.065415523416874,295,56,389,181,1
p17/realsense/board_images_human/00000002.jpg,337.0,105.0,-5.807501577259749,49.66158400041349,295,56,389,181,1
p17/realsense/board_images_human/00000003.jpg,341.0,109.0,-19.82180081498593,45.90311767680952,295,56,389,181,1
p17/realsense/board_images_human/00000004.jpg,339.0,109.0,-29.576163122553982,40.31439662140657,295,56,389,181,1
p17/realsense/board_images_human/00000005.jpg,357.0,109.0,21.48254427043323,45.149754059893574,295,56,389,181,1
p17/realsense/board_images_human/00000006.jpg,348.0,110.0,8.768838305068154,49.22506957617805,295,56,389,181,1
p17/realsense/board_images_human/00000007.jpg,333.0,107.0,-5.499626038143677,49.69662074468014,295,56,389,181,1
p17/realsense/board_images_human/00000008.jpg,338.0,109.0,-19.875158961546,45.880039845811794,295,56,389,181,1
p17/realsense/board_images_human/00000009.jpg,343.0,111.0,-30.14280381339951,39.892497769216064,295,56,389,181,1
p17/realsense/board_images_human/00000010.jpg,353.0,114.0,21.80229322046651,44.9962221784096,295,56,389,181,1
p17/realsense/board_images_human/00000011.jpg,341.0,113.0,9.222054083516891,49.14217860942563,295,56,389,181,1
p17/realsense/board_images_human/00000012.jpg,341.0,115.0,-6.784219877415667,49.53760551999741,295,56,389,181,1
p17/realsense/board_images_human/00000013.jpg,337.0,113.0,-20.219628225529238,45.72927546355159,295,56,389,181,1
p17/realsense/board_images_human/00000014.jpg,336.0,115.0,-30.295950934723585,39.77631653334458,295,56,389,181,1
p17/realsense/board_images_human/00000015.jpg,360.0,119.0,21.199522194505263,45.28333312295682,295,56,389,181,1
p17/realsense/board_images_human/00000016.jpg,357.0,119.0,6.938578715212225,49.51622083128724,295,56,389,181,1
p17/realsense/board_images_human/00000017.jpg,342.0,114.0,-6.984143129690825,49.509814630474956,295,56,389,181,1
p17/realsense/board_images_human/00000018.jpg,336.0,118.0,-20.61409167363103,45.55281796410773,295,56,389,181,1
p17/realsense/board_images_human/00000019.jpg,327.0,118.0,-30.0,40.0,295,56,389,181,1
p17/realsense/board_images_human/00000020.jpg,353.0,106.0,8.267828668844068,49.31169241774855,295,56,389,181,1
p17/realsense/board_images_human/00000021.jpg,338.0,110.0,-29.525499719210856,40.35151628292151,295,56,389,181,1
p17/realsense/board_images_human/00000022.jpg,353.0,113.0,21.81143617561154,44.991790939650585,295,56,389,181,1
p17/realsense/board_images_human/00000023.jpg,353.0,113.0,-7.549903693371629,49.426702845939595,295,56,389,181,1
p17/realsense/board_images_human/00000024.jpg,340.0,115.0,-30.18340864212346,39.86178423932609,295,56,389,181,1
p17/realsense/board_images_human/00000025.jpg,342.0,115.0,-6.784219877415667,49.53760551999741,295,56,389,181,1
p17/realsense/board_images_human/00000026.jpg,338.0,118.0,-30.57531480071326,39.561978272544515,295,56,389,181,1
p17/realsense/board_images_human/00000027.jpg,360.0,116.0,21.03454218220945,45.36020320925439,295,56,389,181,1
p17/realsense/board_images_human/00000028.jpg,340.0,117.0,-6.741667167754334,49.543414535124874,295,56,389,181,1
p17/realsense/board_images_human/00000029.jpg,333.0,119.0,-30.54017271459106,39.58911277817359,295,56,389,181,1
p18/realsense/board_images_human/00000000.jpg,306.0,129.0,25.05181352708523,43.27131427405631,251,56,368,211,1
p18/realsense/board_images_human/00000001.jpg,306.0,130.0,12.304315480883405,48.462395943111325,251,56,368,211,1
p18/realsense/board_images_human/00000002.jpg,305.0,130.0,-3.4240799302098557,49.88261898328449,251,56,368,211,1
p18/realsense/board_images_human/00000003.jpg,301.0,130.0,-17.79672082056234,46.72554684575626,251,56,368,211,1
p18/realsense/board_images_human/00000004.jpg,302.0,130.0,-28.707666457266694,40.93738983592291,251,56,368,211,1
p18/realsense/board_images_human/00000005.jpg,305.0,132.0,26.109034014527865,42.641744134453816,251,56,368,211,1
p18/realsense/board_images_human/00000006.jpg,305.0,133.0,13.398017243283803,48.171497111348636,251,56,368,211,1
p18/realsense/board_images_human/00000007.jpg,305.0,133.0,-2.761734932786224,49.9236699388279,251,56,368,211,1
p18/realsense/board_images_human/00000008.jpg,305.0,134.0,-18.122313057747423,46.6002335770648,251,56,368,211,1
p18/realsense/board_images_human/00000009.jpg,300.0,129.0,-28.49210981570385,41.08770714276805,251,56,368,211,1
p18/realsense/board_images_human/00000010.jpg,310.0,131.0,26.510217519581452,42.39349439553759,251,56,368,211,1
p18/realsense/board_images_human/00000011.jpg,308.0,131.0,13.85573359821986,48.04184266298662,251,56,368,211,1
p18/realsense/board_images_human/00000012.jpg,306.0,131.0,-2.154331729928967,49.953566987727925,251,56,368,211,1
p18/realsense/board_images_human/00000013.jpg,303.0,131.0,-17.431524866267132,46.863012502790625,251,56,368,211,1
p18/realsense/board_images_human/00000014.jpg,302.0,132.0,-28.74727583564502,40.9095848430333,251,56,368,211,1
p18/realsense/board_images_human/00000015.jpg,314.0,132.0,26.988388122837364,42.09069857499506,251,56,368,211,1
p18/realsense/board_images_human/00000016.jpg,313.0,133.0,14.177295817352418,47.947933045203115,251,56,368,211,1
p18/realsense/board_images_human/00000017.jpg,313.0,134.0,-2.6628821458075382,49.929040233891335,251,56,368,211,1
p18/realsense/board_images_human/00000018.jpg,305.0,134.0,-17.487708274910663,46.842075736367846,251,56,368,211,1
p18/realsense/board_images_human/00000019.jpg,304.0,135.0,-29.100486549511263,40.65909102011153,251,56,368,211,1
p18/realsense/board_images_human/00000020.jpg,307.0,134.0,14.080080520521717,47.97657066251844,251,56,368,211,1
p18/realsense/board_images_human/00000021.jpg,303.0,134.0,-17.556172079419586,46.816458878452224,251,56,368,211,1
p18/realsense/board_images_human/00000022.jpg,312.0,132.0,25.60451534442107,42.94658070181264,251,56,368,211,1
p18/realsense/board_images_human/00000023.jpg,302.0,133.0,-28.77251053052248,40.89184072368195,251,56,368,211,1
p18/realsense/board_images_human/00000024.jpg,306.0,133.0,-3.517906022834585,49.876089834854774,251,56,368,211,1
p18/realsense/board_images_human/00000025.jpg,306.0,134.0,25.2479517313478,43.15716549278384,251,56,368,211,1
p18/realsense/board_images_human/00000026.jpg,304.0,133.0,-28.915191529063378,40.79107376421442,251,56,368,211,1
p18/realsense/board_images_human/00000027.jpg,309.0,135.0,14.850092330465673,47.743845234507916,251,56,368,211,1
p18/realsense/board_images_human/00000028.jpg,302.0,135.0,-28.919788429202452,40.78781481288459,251,56,368,211,1
p18/realsense/board_images_human/00000029.jpg,314.0,135.0,27.180079349514997,41.9671691510646,251,56,368,211,1
p19/realsense/board_images_human/00000000.jpg,339.0,105.0,22.572878076968962,44.614629610950416,259,23,387,194,1
p19/realsense/board_images_human/00000001.jpg,326.0,101.0,10.461569604032134,48.89330794106685,259,23,387,194,1
p19/realsense/board_images_human/00000002.jpg,330.0,101.0,-4.880007191406163,49.76128545176284,259,23,387,194,1
p19/realsense/board_images_human/00000003.jpg,325.0,101.0,-18.533624303821757,46.43818224440732,259,23,387,194,1
p19/realsense/board_images_human/00000004.jpg,317.0,98.0,-28.30032513462007,41.22003878303357,259,23,387,194,1
p19/realsense/board_images_human/00000005.jpg,337.0,98.0,22.53657346156607,44.63297947271093,259,23,387,194,1
p19/realsense/board_images_human/00000006.jpg,335.0,99.0,9.693928221206635,49.051276799305576,259,23,387,194,1
p19/realsense/board_images_human/00000007.jpg,327.0,100.0,-4.73115172218529,49.77565874382441,259,23,387,194,1
p19/realsense/board_images_human/00000008.jpg,319.0,100.0,-18.04191790152958,46.631418576261076,259,23,387,194,1
p19/realsense/board_images_human/00000009.jpg,322.0,98.0,-28.42660541203239,41.13305367643656,259,23,387,194,1
p19/realsense/board_images_human/00000010.jpg,339.0,100.0,22.493547724224708,44.65467848700767,259,23,387,194,1
p19/realsense/board_images_human/00000011.jpg,332.0,102.0,10.158608898635494,48.95715131872527,259,23,387,194,1
p19/realsense/board_images_human/00000012.jpg,326.0,103.0,-4.4818849747945295,49.798721942161436,259,23,387,194,1
p19/realsense/board_images_human/00000013.jpg,316.0,103.0,-17.697375729867154,46.76326434580791,259,23,387,194,1
p19/realsense/board_images_human/00000014.jpg,313.0,103.0,-28.09281335605051,41.36174364968323,259,23,387,194,1
p19/realsense/board_images_human/00000015.jpg,338.0,107.0,23.011883584781515,44.38978727005192,259,23,387,194,1
p19/realsense/board_images_human/00000016.jpg,332.0,108.0,10.383938251404048,48.90985408270023,259,23,387,194,1
p19/realsense/board_images_human/00000017.jpg,325.0,110.0,-4.318170836593548,49.813185007847,259,23,387,194,1
p19/realsense/board_images_human/00000018.jpg,312.0,110.0,-17.238268296244115,46.93444477296717,259,23,387,194,1
p19/realsense/board_images_human/00000019.jpg,310.0,108.0,-28.05644102067423,41.38642431103982,259,23,387,194,1
p19/realsense/board_images_human/00000020.jpg,337.0,102.0,9.666003989397225,49.05678716423403,259,23,387,194,1
p19/realsense/board_images_human/00000021.jpg,324.0,102.0,-18.402422550368915,46.490330653563575,259,23,387,194,1
p19/realsense/board_images_human/00000022.jpg,314.0,103.0,-28.231981100232655,41.26687828217815,259,23,387,194,1
p19/realsense/board_images_human/00000023.jpg,314.0,103.0,-28.133551581477345,41.33404499214121,259,23,387,194,1
p19/realsense/board_images_human/00000024.jpg,333.0,103.0,22.99271238307263,44.39972046386439,259,23,387,194,1
p19/realsense/board_images_human/00000025.jpg,331.0,104.0,23.585035632218194,44.08793592613514,259,23,387,194,1
p19/realsense/board_images_human/00000026.jpg,321.0,105.0,-28.814651572600397,40.86215675597211,259,23,387,194,1
p19/realsense/board_images_human/00000027.jpg,318.0,107.0,-3.2044081122009063,49.89721203284269,259,23,387,194,1
p19/realsense/board_images_human/00000028.jpg,325.0,107.0,11.081055179448406,48.756642789572986,259,23,387,194,1
p19/realsense/board_images_human/00000029.jpg,319.0,109.0,-18.20213985501522,46.569111057636334,259,23,387,194,1
p21/realsense/board_images_human/00000000.jpg,302.0,121.0,24.828220928339565,43.39999361213733,223,60,339,216,1
p21/realsense/board_images_human/00000001.jpg,298.0,121.0,12.681110982571864,48.365167468413624,223,60,339,216,1
p21/realsense/board_images_human/00000002.jpg,289.0,121.0,-2.059319845021724,49.95757401811961,223,60,339,216,1
p21/realsense/board_images_human/00000003.jpg,282.0,120.0,-16.115958168611552,47.33155281952582,223,60,339,216,1
p21/realsense/board_images_human/00000004.jpg,275.0,119.0,-26.818680805252864,42.19903268874728,223,60,339,216,1
p21/realsense/board_images_human/00000005.jpg,309.0,121.0,25.226681148806428,43.16960224760537,223,60,339,216,1
p21/realsense/board_images_human/00000006.jpg,304.0,123.0,13.063031678316808,48.263414750422406,223,60,339,216,1
p21/realsense/board_images_human/00000007.jpg,291.0,124.0,-1.244427674656923,49.98451159871974,223,60,339,216,1
p21/realsense/board_images_human/00000008.jpg,279.0,122.0,-15.070710249177585,47.67466510197354,223,60,339,216,1
p21/realsense/board_images_human/00000009.jpg,272.0,124.0,-26.33293951314461,42.503838610142815,223,60,339,216,1
p21/realsense/board_images_human/00000010.jpg,312.0,127.0,26.00815550322832,42.703347027134704,223,60,339,216,1
p21/realsense/board_images_human/00000011.jpg,302.0,127.0,14.390759881373402,47.88429836633981,223,60,339,216,1
p21/realsense/board_images_human/00000012.jpg,291.0,128.0,-0.13333285926178765,49.99982222317036,223,60,339,216,1
p21/realsense/board_images_human/00000013.jpg,276.0,128.0,-14.073678397535467,47.978449082507275,223,60,339,216,1
p21/realsense/board_images_human/00000014.jpg,269.0,127.0,-25.758301904748905,42.854519983122074,223,60,339,216,1
p21/realsense/board_images_human/00000015.jpg,317.0,130.0,26.46218057352259,42.423495840091775,223,60,339,216,1
p21/realsense/board_images_human/00000016.jpg,305.0,132.0,15.192840583681253,47.63588558008392,223,60,339,216,1
p21/realsense/board_images_human/00000017.jpg,288.0,138.0,1.5195680208229412,49.976903795954506,223,60,339,216,1
p21/realsense/board_images_human/00000018.jpg,266.0,139.0,-12.010608458818059,48.53602048426476,223,60,339,216,1
p21/realsense/board_images_human/00000019.jpg,252.0,137.0,-23.942606534028666,43.89477864571922,223,60,339,216,1
p21/realsense/board_images_human/00000020.jpg,268.0,130.0,-26.848032378849794,42.18036459520274,223,60,339,216,1
p21/realsense/board_images_human/00000021.jpg,303.0,127.0,25.02825724456812,43.284943563550165,223,60,339,216,1
p21/realsense/board_images_human/00000022.jpg,292.0,128.0,-2.312338069744444,49.946502306479985,223,60,339,216,1
p21/realsense/board_images_human/00000023.jpg,268.0,129.0,-26.274644036095797,42.539899867964614,223,60,339,216,1
p21/realsense/board_images_human/00000024.jpg,292.0,129.0,14.422516702805138,47.87474294403372,223,60,339,216,1
p21/realsense/board_images_human/00000025.jpg,307.0,131.0,26.62255593707249,42.32303764355114,223,60,339,216,1
p21/realsense/board_images_human/00000026.jpg,282.0,132.0,-15.038113212949447,47.68495728208756,223,60,339,216,1
p21/realsense/board_images_human/00000027.jpg,319.0,134.0,26.61437549455649,42.328182302512715,223,60,339,216,1
p21/realsense/board_images_human/00000028.jpg,291.0,137.0,1.0098949511412771,49.989800081493215,223,60,339,216,1
p21/realsense/board_images_human/00000029.jpg,260.0,136.0,-24.775550595150662,43.43008280796998,223,60,339,216,1
p22/realsense/board_images_human/00000000.jpg,371.0,105.0,20.700307039517018,45.51370440284687,280,41,395,194,1
p22/realsense/board_images_human/00000001.jpg,366.0,104.0,7.409847524223738,49.447893379473264,280,41,395,194,1
p22/realsense/board_images_human/00000002.jpg,350.0,104.0,-6.5551134892294485,49.568442452263135,280,41,395,194,1
p22/realsense/board_images_human/00000003.jpg,341.0,104.0,-19.455084401774027,46.05974045649681,280,41,395,194,1
p22/realsense/board_images_human/00000004.jpg,335.0,105.0,-29.04459112127743,40.69903839893287,280,41,395,194,1
p22/realsense/board_images_human/00000005.jpg,363.0,108.0,20.88925715340564,45.427292848890865,280,41,395,194,1
p22/realsense/board_images_human/00000006.jpg,356.0,110.0,21.521349903579114,45.13126962902456,280,41,395,194,1
p22/realsense/board_images_human/00000007.jpg,343.0,110.0,-6.4840171442538646,49.577792626064166,280,41,395,194,1
p22/realsense/board_images_human/00000008.jpg,337.0,108.0,-19.695964928958386,45.9572515009029,280,41,395,194,1
p22/realsense/board_images_human/00000009.jpg,340.0,110.0,-29.77883913419108,40.164919268186885,280,41,395,194,1
p22/realsense/board_images_human/00000010.jpg,363.0,114.0,20.80455969508716,45.46614450218486,280,41,395,194,1
p22/realsense/board_images_human/00000011.jpg,359.0,113.0,6.982192152341265,49.51008980751079,280,41,395,194,1
p22/realsense/board_images_human/00000012.jpg,346.0,112.0,-7.21276329827736,49.477025432042936,280,41,395,194,1
p22/realsense/board_images_human/00000013.jpg,333.0,112.0,-19.738496353947273,45.93900044281776,280,41,395,194,1
p22/realsense/board_images_human/00000014.jpg,320.0,111.0,-28.92395634900222,40.78485931226212,280,41,395,194,1
p22/realsense/board_images_human/00000015.jpg,372.0,120.0,19.80213064786432,45.91160661319654,280,41,395,194,1
p22/realsense/board_images_human/00000016.jpg,360.0,118.0,6.453500762443346,49.58177415047936,280,41,395,194,1
p22/realsense/board_images_human/00000017.jpg,341.0,117.0,-7.027339385513051,49.50370189350304,280,41,395,194,1
p22/realsense/board_images_human/00000018.jpg,327.0,116.0,-19.53864222713374,46.02435724613726,280,41,395,194,1
p22/realsense/board_images_human/00000019.jpg,318.0,114.0,-29.013739459389736,40.721037837739985,280,41,395,194,1
p22/realsense/board_images_human/00000020.jpg,323.0,113.0,-28.856083167158875,40.83290908385062,280,41,395,194,1
p22/realsense/board_images_human/00000021.jpg,364.0,111.0,21.162778631677547,45.30051655982095,280,41,395,194,1
p22/realsense/board_images_human/00000022.jpg,343.0,111.0,-6.110018539445475,49.6252725276913,280,41,395,194,1
p22/realsense/board_images_human/00000023.jpg,358.0,113.0,7.71578722014024,49.401079214664136,280,41,395,194,1
p22/realsense/board_images_human/00000024.jpg,338.0,113.0,-19.909087283911038,45.86532724751468,280,41,395,194,1
p22/realsense/board_images_human/00000025.jpg,343.0,114.0,-6.87494897886122,49.525095421796564,280,41,395,194,1
p22/realsense/board_images_human/00000026.jpg,329.0,114.0,-29.684643444035224,40.234586410208024,280,41,395,194,1
p22/realsense/board_images_human/00000027.jpg,367.0,114.0,20.415730202010216,45.642063497597555,280,41,395,194,1
p22/realsense/board_images_human/00000028.jpg,370.0,117.0,19.888519651029295,45.874249706023775,280,41,395,194,1
p22/realsense/board_images_human/00000029.jpg,312.0,116.0,-28.621178392250624,40.997904183494136,280,41,395,194,1
p23/realsense/board_images_human/00000000.jpg,357.0,128.0,21.919827779522862,44.93908265770518,292,68,405,218,1
p23/realsense/board_images_human/00000001.jpg,350.0,129.0,8.784289980996242,49.22231454868584,292,68,405,218,1
p23/realsense/board_images_human/00000002.jpg,346.0,131.0,-6.834468402425409,49.53069797263359,292,68,405,218,1
p23/realsense/board_images_human/00000003.jpg,341.0,133.0,-20.22759186325302,45.72575343735366,292,68,405,218,1
p23/realsense/board_images_human/00000004.jpg,335.0,133.0,-29.939709941335963,40.0451466301307,292,68,405,218,1
p23/realsense/board_images_human/00000005.jpg,352.0,134.0,22.737265626713572,44.53107624816931,292,68,405,218,1
p23/realsense/board_images_human/00000006.jpg,349.0,137.0,8.79678092727576,49.22008375975723,292,68,405,218,1
p23/realsense/board_images_human/00000007.jpg,344.0,138.0,-7.0858737989655225,49.49535728232633,292,68,405,218,1
p23/realsense/board_images_human/00000008.jpg,339.0,138.0,-20.87284204566499,45.43483756916844,292,68,405,218,1
p23/realsense/board_images_human/00000009.jpg,334.0,141.0,-30.702918385820873,39.46303083385287,292,68,405,218,1
p23/realsense/board_images_human/00000010.jpg,354.0,138.0,22.798504580846306,44.49975493052889,292,68,405,218,1
p23/realsense/board_images_human/00000011.jpg,349.0,141.0,8.836580155894454,49.21295409898143,292,68,405,218,1
p23/realsense/board_images_human/00000012.jpg,343.0,141.0,-7.376939041416996,49.45281357394357,292,68,405,218,1
p23/realsense/board_images_human/00000013.jpg,337.0,142.0,-21.50638565625329,45.138402452950224,292,68,405,218,1
p23/realsense/board_images_human/00000014.jpg,330.0,142.0,-31.18190891381169,39.08565665932646,292,68,405,218,1
p23/realsense/board_images_human/00000015.jpg,355.0,142.0,23.14911696329601,44.3183752389417,292,68,405,218,1
p23/realsense/board_images_human/00000016.jpg,348.0,142.0,8.959147066011205,49.1907886077219,292,68,405,218,1
p23/realsense/board_images_human/00000017.jpg,343.0,147.0,-8.080517155600306,49.34273241824017,292,68,405,218,1
p23/realsense/board_images_human/00000018.jpg,327.0,144.0,-20.97275731384544,45.38880314190431,292,68,405,218,1
p23/realsense/board_images_human/00000019.jpg,329.0,148.0,-32.074900375778654,38.356235032701974,292,68,405,218,1
p23/realsense/board_images_human/00000020.jpg,334.0,142.0,-30.212392244789356,39.839821220068146,292,68,405,218,1
p23/realsense/board_images_human/00000021.jpg,352.0,140.0,22.63887811851423,44.58117537184341,292,68,405,218,1
p23/realsense/board_images_human/00000022.jpg,346.0,141.0,-7.234877772896672,49.4737965352493,292,68,405,218,1
p23/realsense/board_images_human/00000023.jpg,336.0,141.0,-30.767396714116114,39.41278091477683,292,68,405,218,1
p23/realsense/board_images_human/00000024.jpg,358.0,142.0,22.437355789661524,44.682939307616536,292,68,405,218,1
p23/realsense/board_images_human/00000025.jpg,353.0,141.0,8.44063336251526,49.282407697266514,292,68,405,218,1
p23/realsense/board_images_human/00000026.jpg,342.0,141.0,-21.96273205971914,44.918129975244796,292,68,405,218,1
p23/realsense/board_images_human/00000027.jpg,340.0,144.0,-32.657274989334496,37.86162160118063,292,68,405,218,1
p23/realsense/board_images_human/00000028.jpg,359.0,144.0,22.790818098819297,44.50369209837012,292,68,405,218,1
p23/realsense/board_images_human/00000029.jpg,339.0,146.0,-7.383435059364986,49.45184411853758,292,68,405,218,1
